"Category","Test ID","Section","Test Case Description","Priority","Expected Result","Actual Result","Status","Tester","Notes"
"Navigation","NAV-001","Homepage","Verify Sto. Rosario Parish logo displays and links to home page","High","Logo visible in top-left corner; clicking it navigates to homepage","","Not Tested","",""
"Navigation","NAV-002","Homepage","Verify desktop navigation bar shows all menu items on scroll","High","Navbar shows Parish Services (dropdown), Community (dropdown), Track, Donate buttons; on scroll navbar background changes to white with shadow","","Not Tested","",""
"Navigation","NAV-003","Homepage","Verify Parish Services dropdown menu","Medium","Dropdown shows Mass Schedule, Submit Intention, Sacramental Inquiry sub-items; clicking navigates to correct page","","Not Tested","",""
"Navigation","NAV-004","Homepage","Verify Community dropdown menu","Medium","Dropdown shows Parish Events, Gallery, About Our Parish sub-items; clicking navigates to correct page","","Not Tested","",""
"Navigation","NAV-005","Homepage","Verify mobile hamburger menu","High","On mobile/tablet hamburger icon appears; clicking opens full-screen drawer menu with all navigation links","","Not Tested","",""
"Navigation","NAV-006","Homepage","Verify mobile menu Donate button","High","Mobile drawer has sticky Donate button at bottom that links to /donate","","Not Tested","",""
"Navigation","NAV-007","Homepage","Verify footer displays contact info and quick links","High","Footer shows parish name, address, contact numbers, office email, Facebook link, and quick links","","Not Tested","",""
"Navigation","NAV-008","Homepage","Verify announcements and bulletins reachable from homepage","Medium","Announcements and bulletins are not in navbar dropdown but accessible via homepage CTA links and footer","","Not Tested","",""
"Navigation","NAV-009","All Pages","Verify back to top button","Low","Floating back-to-top button appears after scrolling down; clicking scrolls smoothly to page top","","Not Tested","",""
"Public Pages","PAGE-001","Homepage","Verify hero section with background image and title","High","Full-screen hero with church background image, Sto. Rosario Parish title in Canterbury font, location subtitle","","Not Tested","",""
"Public Pages","PAGE-002","Homepage","Verify hero CTA buttons","High","Three buttons visible: Mass Schedule (ghost), Offer an Intention (gold), Parish Inquiry (ghost); all navigate correctly","","Not Tested","",""
"Public Pages","PAGE-003","Homepage","Verify next mass countdown/live mass slot component","High","Component shows next mass day/time with countdown timer and live mass indicator if applicable","","Not Tested","",""
"Public Pages","LIVE-001","Live Mass","Verify live mass embed during Sunday live window","High","On Sunday 9:55-11:15 AM, live mass section shows YouTube/Facebook tab toggle with working video embed","","Not Tested","",""
"Public Pages","LIVE-002","Live Mass","Verify sticky live mass banner on all pages","High","During live window, fixed bottom banner Live Mass is streaming now appears; clicking scrolls to #live-mass section","","Not Tested","",""
"Public Pages","PAGE-004","Homepage","Verify Quick Access cards grid","High","Four cards displayed: Mass Schedule, Offer Intention, Inquiry, Donate; all clickable with hover effects","","Not Tested","",""
"Public Pages","PAGE-005","Homepage","Verify parish stats strip","Medium","Stats strip shows 42+ Years of Service and 7 Weekly Masses with divider ornaments","","Not Tested","",""
"Public Pages","PAGE-006","Homepage","Verify upcoming events section","High","Shows up to 3 upcoming events with date badges, icons, times; View Full Schedule link navigates to events page","","Not Tested","",""
"Public Pages","PAGE-007","Homepage","Verify announcements carousel (featured)","High","Featured announcement shows with category badge, title, excerpt, Read more link, and optional recruitment/registration button","","Not Tested","",""
"Public Pages","PAGE-008","Homepage","Verify announcements carousel (pagination)","Medium","Carousel shows pagination dots and prev/next navigation; clicking changes visible cards","","Not Tested","",""
"Public Pages","PAGE-009","Homepage","Verify sacramental services grid","Medium","Six service cards shown: Baptism, Wedding, Confirmation, Funeral Mass, House Blessing, Car Blessing; each links to inquiry with type param","","Not Tested","",""
"Public Pages","PAGE-010","Homepage","Verify Offer a Mass Intention CTA section","Medium","Gold section with calligraphy cross, title Offer a Mass Intention, and two buttons (Submit Intention, Track Status)","","Not Tested","",""
"Public Pages","PAGE-014","Homepage","Verify View all announcements link","High","Homepage announcements section has View all announcements link that navigates to /announcements","","Not Tested","",""
"Public Pages","PAGE-011","About","Verify About page content loads","High","Page displays parish history, mission, possibly images and contact info","","Not Tested","",""
"Public Pages","PAGE-012","About","Verify Visit Parish Office anchor link","Medium","Link #visit-map in about page scrolls to map/contact section","","Not Tested","",""
"Public Pages","PAGE-013","About","Verify Google Maps embed or location info","Medium","Map or address information for Sto. Rosario Parish, Pacita Complex 1, San Pedro, Laguna is visible","","Not Tested","",""
"Public Pages","SCHED-001","Mass Schedule","Verify page loads with hero banner","High","Blue gradient hero section with title Mass Schedule and cross icon","","Not Tested","",""
"Public Pages","SCHED-002","Mass Schedule","Verify schedule category cards","High","Schedule cards grouped by type: Sunday Masses, Anticipated, Weekday Masses, Saturday Masses, Special Masses","","Not Tested","",""
"Public Pages","SCHED-003","Mass Schedule","Verify time chips display","High","Each schedule card shows time chips with formatted times (e.g., 6:30 AM)","","Not Tested","",""
"Public Pages","SCHED-004","Mass Schedule","Verify iCal download button","High","Download ICS button on each schedule card downloads .ics file with correct event data","","Not Tested","",""
"Public Pages","SCHED-005","Mass Schedule","Verify Google Calendar add button","High","Add to Google button opens Google Calendar with pre-filled event details","","Not Tested","",""
"Public Pages","SCHED-006","Mass Schedule","Verify Facebook link at bottom of page","High","Facebook link at bottom of page opens parish Facebook page in new tab","","Not Tested","",""
"Public Pages","SCHED-007","Mass Schedule","Verify empty state when no schedules","Low","When no schedules exist, displays No Schedules Available message with decorative cross","","Not Tested","",""
"Public Pages","SCHED-008","Mass Schedule","Verify responsive layout on mobile","High","On mobile, schedule sidebar becomes full-width at top with centered text; content below","","Not Tested","",""
"Public Pages","SCHED-009","Mass Schedule","Verify iCal feed endpoint","Medium","/calendar.ics route returns valid iCal feed with all events","","Not Tested","","Technical QA - download and validate .ics file"
"Public Pages","EVENTS-001","Events","Verify events list view","High","Default view shows events as cards with date badges, title, time slots, description, Google Cal and iCal links","","Not Tested","",""
"Public Pages","EVENTS-002","Events","Verify events calendar view","High","Calendar view shows month grid with event dots on dates; navigation between months works","","Not Tested","",""
"Public Pages","EVENTS-003","Events","Verify event detail page","High","Clicking event title navigates to /events/{id} showing full details including time slots and description","","Not Tested","",""
"Public Pages","EVENTS-004","Events","Verify empty state","Low","When no upcoming events, shows No Upcoming Events message","","Not Tested","",""
"Public Pages","EVENTS-005","Events","Verify View Announcements CTA at bottom","Medium","Gold button at bottom navigates to announcements page or Facebook","","Not Tested","",""
"Public Pages","GALLERY-001","Gallery","Verify gallery index page loads","High","Page displays gallery albums in grid layout or carousel with featured video option","","Not Tested","",""
"Public Pages","GALLERY-002","Gallery","Verify album browsing","High","Clicking an album opens album page showing images in a responsive grid/lightbox","","Not Tested","",""
"Public Pages","GALLERY-003","Gallery","Verify featured video","Medium","If album has featured video, video embed or thumbnail is displayed prominently","","Not Tested","",""
"Public Pages","GALLERY-004","Gallery","Verify image lightbox/modal","Medium","Clicking an image opens a modal/lightbox view with navigation arrows","","Not Tested","",""
"Public Pages","GALLERY-005","Gallery","Verify gallery all-items view","Medium","/gallery/all route shows admin-style gallery index with all images","","Not Tested","",""
"Public Pages","ANNOUNCE-001","Announcements","Verify announcements index page","High","List of announcements displayed with category badges and featured/recruitment tags","","Not Tested","",""
"Public Pages","ANNOUNCE-002","Announcements","Verify announcement detail page","High","Clicking announcement title opens single post with full content and category info","","Not Tested","",""
"Public Pages","ANNOUNCE-003","Announcements","Verify recruitment tag display","Medium","Announcements with is_recruitment=true show Recruitment badge and registration link if available","","Not Tested","",""
"Public Pages","ANNOUNCE-004","Announcements","Verify announcements index pagination","Medium","Index page paginates 12 announcements per page with working page navigation links","","Not Tested","",""
"Public Pages","ANNOUNCE-005","Announcements","Verify draft announcement hidden from public","High","Unpublished (draft) announcements do not appear on public index; direct URL returns 404","","Not Tested","",""
"Public Pages","ANNOUNCE-006","Announcements","Verify announcement expiry date","High","Announcement with expires_at in the past is hidden from public index and detail page","","Not Tested","",""
"Public Pages","ANNOUNCE-007","Announcements","Verify featured announcement hero on homepage","High","is_featured=true announcement appears as hero card; remaining announcements appear in carousel","","Not Tested","",""
"Public Pages","ANNOUNCE-008","Announcements","Verify category badge color coding","Medium","Each category (Parish Life, Liturgical, Sacraments, Formation) shows distinct badge color and icon on cards","","Not Tested","",""
"Public Pages","ANNOUNCE-009","Announcements","Verify detail page breadcrumb navigation","Medium","Detail page shows Home > Announcements > Title breadcrumb; Announcements link returns to index","","Not Tested","",""
"Public Pages","ANNOUNCE-010","Announcements","Verify recent announcements sidebar on detail page","Medium","Detail page sidebar lists up to 5 other active announcements with clickable titles","","Not Tested","",""
"Public Pages","BB-001","Bulletins","Verify bulletins index page","High","Page shows list of downloadable parish bulletins with titles and dates","","Not Tested","",""
"Public Pages","BB-002","Bulletins","Verify bulletin download","High","Download button triggers file download of the bulletin PDF","","Not Tested","",""
"Public Pages","INT-001","Submit Intention","Verify page hero section","High","Blue gradient hero with title Submit Mass Intention, cross icon, and page description","","Not Tested","",""
"Public Pages","INT-002","Submit Intention","Verify form fields display","High","Form shows: Full Name (required), Email (required), Intention Category (dropdown, required), Mass Date (date picker, required), Service Time (dropdown, required), Intention Detail (textarea, required), Donation details (accordion)","","Not Tested","",""
"Public Pages","INT-003","Submit Intention","Verify intention categories dropdown","Medium","Dropdown shows: Thanksgiving, Birthday, Wedding Anniversary, Healing, Repose of the Soul, Special Intention, Other","","Not Tested","",""
"Public Pages","INT-004","Submit Intention","Verify mass date picker","High","Flatpickr date picker appears on click; minDate is today; date selection sets preferred date","","Not Tested","",""
"Public Pages","INT-005","Submit Intention","Verify service times update on date change","High","Sunday shows 6:30 AM, 8:30 AM, 10:00 AM, 3:00 PM, 4:30 PM, 6:00 PM; Saturday shows 6:30 AM, 6:00 PM; Weekdays show 6:00 PM only","","Not Tested","",""
"Public Pages","INT-006","Submit Intention","Verify donation accordion","High","Clicking Donation Details expands GCash/Bank toggle with QR code, account number (copyable), and bank details","","Not Tested","",""
"Public Pages","INT-007","Submit Intention","Verify form validation errors","High","When submitting empty form, red error borders and messages show for required fields; email field validates format","","Not Tested","",""
"Public Pages","INT-008","Submit Intention","Verify duplicate intention detection","Medium","When submitting duplicate for same requester, a warning modal shows with option to track existing or submit anyway","","Not Tested","",""
"Public Pages","INT-009","Submit Intention","Verify successful submission","High","On valid submit, success card displays with reference ID (INT-YYYY-XXXX), copy button, Track My Request link, and Submit Another button","","Not Tested","",""
"Public Pages","INT-010","Submit Intention","Verify reference ID copy function","Medium","Clicking copy icon copies the reference ID to clipboard and shows checkmark for 2 seconds","","Not Tested","",""
"Public Pages","INT-011","Submit Intention","Verify track status link from success","Medium","Track My Request button navigates to track-intention/{refId} with the submitted reference ID","","Not Tested","",""
"Public Pages","INQ-001","Inquiry","Verify page hero section","High","Blue gradient hero with title Parish Inquiries and cross icon","","Not Tested","",""
"Public Pages","INQ-002","Inquiry","Verify sidebar content","High","Left sidebar shows How It Works steps, contact numbers, and email","","Not Tested","",""
"Public Pages","INQ-003","Inquiry","Verify inquiry type dropdown","High","Dropdown shows categories: Baptism, First Communion, Confirmation, Wedding, Funeral Mass, Baptismal Certificate, Confirmation Certificate, Marriage Certificate, Car Blessing, House Blessing, Others","","Not Tested","",""
"Public Pages","INQ-004","Inquiry","Verify Baptism requirements display","Medium","When selecting Baptism, requirements box shows list of needed documents, schedule notes, dress code with NO CAPS warning","","Not Tested","",""
"Public Pages","INQ-005","Inquiry","Verify Wedding requirements display","Medium","When selecting Wedding, requirements box shows wedding documents, fees, schedule, and seminar info","","Not Tested","",""
"Public Pages","INQ-006","Inquiry","Verify Baptismal Certificate form fields","Medium","When selecting Baptism/Baptismal Certificate, structured input fields appear for name, birthdate, baptism date, birthplace, father, mother, purpose (instead of textarea)","","Not Tested","",""
"Public Pages","INQ-007","Inquiry","Verify preferred date field conditional display","High","For Baptism, Wedding, Funeral Mass types: date picker shows; for other types: date picker is hidden","","Not Tested","",""
"Public Pages","INQ-008","Inquiry","Verify form validation errors","High","When submitting empty form, red error borders and messages show for required fields","","Not Tested","",""
"Public Pages","INQ-009","Inquiry","Verify successful submission modal","High","On valid submit, success modal shows with reference ID (INQ-YYYY-XXXX), copy button, and Continue button","","Not Tested","",""
"Public Pages","INQ-010","Inquiry","Verify duplicate inquiry warning","Medium","When submitting duplicate inquiry, warning modal shows with option to track existing or submit anyway","","Not Tested","",""
"Public Pages","INQ-011","Inquiry","Verify service requirements display","High","Each inquiry type shows relevant document requirements when selected","","Not Tested","",""
"Public Pages","INQ-012","Inquiry","Verify Yes/No document confirmation for certificate requests","Medium","For Baptismal/Confirmation/Marriage Certificate types, YES/NO radio buttons appear asking if user wants a document","","Not Tested","",""
"Public Pages","TRACK-001","Track Status","Verify track status form","High","Input field accepts reference ID format and Check Status button","","Not Tested","",""
"Public Pages","TRACK-002","Track Status","Verify valid reference ID lookup","High","Entering a valid reference ID shows result card with status banner, name, submission date, preferred date, status with color coding (pending=orange, approved=green, rejected=red)","","Not Tested","",""
"Public Pages","TRACK-003","Track Status","Verify status color coding","Medium","Pending shows orange banner; Approved/Accepted shows green; Rejected/Declined shows red with rejection reason displayed","","Not Tested","",""
"Public Pages","TRACK-004","Track Status","Verify invalid reference ID","High","Entering invalid or non-existent reference ID shows appropriate error/validation message","","Not Tested","",""
"Public Pages","TRACK-005","Track Status","Verify status messages","Medium","Each status (pending/approved/rejected) shows appropriate informational message below detail grid","","Not Tested","",""
"Public Pages","TRACK-006","Track Status","Verify rejection reason display","Medium","Rejected inquiries show rejection reason in the result card","","Not Tested","",""
"Public Pages","TRACK-007","Track Status","Verify email lookup returns multiple records","High","Entering a valid email with multiple submissions shows combined list of intentions and inquiries","","Not Tested","",""
"Public Pages","TRACK-008","Track Status","Verify direct track URL without form","Medium","Navigating to /track-intention/{refId} directly shows status result without form submission","","Not Tested","",""
"Public Pages","TRACK-009","Track Status","Verify inquiry reference ID lookup","High","Entering valid INQ-YYYY-XXXX reference ID shows Sacramental Inquiry result with correct status","","Not Tested","",""
"Public Pages","DON-001","Donate","Verify page hero section","High","Dark blue hero with Support Our Parish title in gradient text, subtitle about stewardship","","Not Tested","",""
"Public Pages","DON-002","Donate","Verify payment method tabs","High","Three tabs visible: Online Payment, Scan QR, Bank Transfer; clicking switches content panels","","Not Tested","",""
"Public Pages","DON-003","Donate","Verify online payment form (PayMongo enabled)","High","When PayMongo is enabled: shows amount buttons (100, 500, 1,000, 5,000 PHP), custom amount input (min 100), purpose selector, donor name/email (optional), message, and Donate submit button","","Not Tested","",""
"Public Pages","DON-004","Donate","Verify online payment form (PayMongo disabled)","High","When PayMongo is disabled: shows Coming Soon placeholder with message about using QR or Bank Transfer tabs","","Not Tested","",""
"Public Pages","DON-005","Donate","Verify QR code tab","High","QR tab shows GCash number, account name, and QR code image (if configured) with copy buttons","","Not Tested","",""
"Public Pages","DON-006","Donate","Verify bank transfer tab","High","Bank tab shows BPI account details, and instruction to send proof to office email","","Not Tested","",""
"Public Pages","DON-007","Donate","Verify copy to clipboard functions","Medium","Clicking copy icon next to GCash number/name copies to clipboard and shows COPIED feedback","","Not Tested","",""
"Public Pages","DON-008","Donate","Verify donation amount validation","High","Submit button disabled when amount < 100 PHP; shows Select an amount text when no amount chosen","","Not Tested","",""
"Public Pages","DON-009","Donate","Verify donation success page","High","After successful PayMongo checkout, success page shows confirmation with donor name and amount","","Not Tested","",""
"Public Pages","DON-010","Donate","Verify donation receipt download","High","Signed URL route /donate/receipt/{donation} generates and displays PDF receipt","","Not Tested","",""
"Public Pages","DON-011","Donate","Verify donation cancel page","Medium","After cancelled PayMongo checkout, cancel page shows appropriate message","","Not Tested","",""
"Public Pages","DON-012","Donate","Verify Where your donation goes info","High","Right sidebar shows three info items: Church Maintenance, Pantry Community Outreach, Youth Ministry","","Not Tested","",""
"Public Pages","DON-013","Donate","Verify scripture quote","Low","Right sidebar shows 2 Corinthians 9:7 quote in styled card","","Not Tested","",""
"Public Pages","DON-014","Donate","Verify PayMongo webhook processing","High","POST /paymongo/webhook handles payment success notifications and triggers email receipts","","Not Tested","","Technical QA - requires Postman/cURL"
"Public Pages","CHAT-001","Chatbot","Verify chatbot trigger button","High","Fixed bottom-left circular button with heart icon; clicking expands chat window","","Not Tested","",""
"Public Pages","CHAT-002","Chatbot","Verify chatbot welcome message","High","On first open, shows Peace be with you message with suggested chips: Mass Schedules, Offer Mass Intention, Sacramental Inquiry","","Not Tested","",""
"Public Pages","CHAT-003","Chatbot","Verify sending a message","High","Typing and sending a message displays it in chat bubble; bot responds with text and/or suggestions","","Not Tested","",""
"Public Pages","CHAT-004","Chatbot","Verify message timestamp display","Medium","Each message shows timestamp; if not today, shows date and time; if today, shows time only","","Not Tested","",""
"Public Pages","CHAT-005","Chatbot","Verify typing indicator","Medium","While bot is processing, shows animated dot loading indicator; when agent is connected, shows Agent is typing","","Not Tested","",""
"Public Pages","CHAT-006","Chatbot","Verify link formatting in bot responses","Medium","Bot responses render markdown links as clickable hyperlinks","","Not Tested","",""
"Public Pages","CHAT-007","Chatbot","Verify error handling","Medium","If API fails, shows error message with Retry button that re-sends last message","","Not Tested","",""
"Public Pages","CHAT-008","Chatbot","Verify suggested follow-up chips","High","After bot response, context-aware suggestion chips appear at bottom; clicking sends that suggestion as message","","Not Tested","",""
"Public Pages","CHAT-009","Chatbot","Verify character counter","Medium","Input field shows character counter (e.g., 500/1000); turns amber at 900+, red at 980+","","Not Tested","",""
"Public Pages","CHAT-010","Chatbot","Verify handover to live agent","High","When bot suggests handover, shows two buttons: Submit Inquiry Form and Wait for Live Agent; clicking the latter initiates agent request","","Not Tested","",""
"Public Pages","CHAT-011","Chatbot","Verify live agent waiting state","Medium","After requesting agent, shows Waiting for a parish representative banner with amber status dot","","Not Tested","",""
"Public Pages","CHAT-012","Chatbot","Verify live agent connection","Medium","When admin accepts, status shows Live Agent Connected with blue dot; new messages from agent appear in chat","","Not Tested","",""
"Public Pages","CHAT-013","Chatbot","Verify agent timeout (120s)","Medium","If no agent connects within 120 seconds, shows timeout message with Go to Inquiry Page button","","Not Tested","",""
"Public Pages","CHAT-014","Chatbot","Verify conversation resolution","Medium","When conversation resolved, shows final system message and Start New Chat button","","Not Tested","",""
"Public Pages","CHAT-015","Chatbot","Verify session persistence","Medium","Chat state persists in sessionStorage across page reloads (messages, status, scroll position)","","Not Tested","",""
"Public Pages","CHAT-016","Chatbot","Verify unread message badge","Medium","When chat is closed and new messages arrive, red badge shows unread count on trigger button","","Not Tested","",""
"Public Pages","CHAT-017","Chatbot","Verify chat window scroll","Medium","Chat container auto-scrolls to bottom on new messages; preserves position if user scrolled up","","Not Tested","",""
"Public Pages","CHAT-018","Chatbot","Verify input disabled states","Medium","Input is disabled during loading or while waiting for agent; submit button disabled when input empty or loading","","Not Tested","",""
"Public Pages","CHAT-019","Chatbot","Verify agent typing indicator from backend","Medium","When admin is typing, Agent is typing shows in chat window","","Not Tested","",""
"Public Pages","CHAT-020","Chatbot","Verify agent pause/resume","Medium","When admin pauses, chat returns to AI mode with system message; when resumed, agent reconnects","","Not Tested","",""
"Admin - Auth","AUTH-001","Admin Login","Verify login page loads","High","/login form with email, password fields and Login button","","Not Tested","",""
"Admin - Auth","AUTH-002","Admin Login","Verify login with valid credentials","High","Entering correct email/password logs in and redirects to dashboard","","Not Tested","",""
"Admin - Auth","AUTH-003","Admin Login","Verify login with invalid credentials","High","Entering wrong credentials shows error message and stays on login page","","Not Tested","",""
"Admin - Auth","AUTH-004","Admin Login","Verify login throttle","High","After 5 failed attempts, login is throttled (rate limiting active)","","Not Tested","",""
"Admin - Auth","AUTH-005","Admin Login","Verify logout","High","Clicking logout button ends session and redirects to login page","","Not Tested","",""
"Admin - Auth","AUTH-006","Admin Login","Verify role-based access control","High","Non-authenticated users redirected to login; authenticated users see only their role features","","Not Tested","",""
"Admin - Auth","AUTH-007","Admin Login","Verify admin-portal redirect","Medium","Accessing /admin-portal/{path} performs 301 redirect to /internal/{path}","","Not Tested","",""
"Admin - Auth","AUTH-008","Admin Login","Verify super_admin can access all routes","High","super_admin role can access every admin panel route without restriction","","Not Tested","",""
"Admin - Auth","AUTH-009","Admin Login","Verify staff role access restrictions","High","staff role cannot access /internal/users or /internal/settings or /internal/logs","","Not Tested","",""
"Admin - Auth","AUTH-010","Admin Login","Verify soccom role access restrictions","High","soccom role cannot access /internal/users, /internal/intentions, or /internal/donations","","Not Tested","",""
"Admin - Auth","AUTH-011","Admin Login","Verify staff role content management restrictions","High","staff role cannot access /internal/announcements, /internal/schedules, /internal/events, /internal/gallery, or /internal/chats","","Not Tested","",""
"Admin - Auth","AUTH-012","Admin Login","Verify soccom and super_admin content access","High","soccom and super_admin can access announcements, schedules, events, gallery, highlights, and live chat","","Not Tested","",""
"Admin - Dashboard","DASH-001","Admin Dashboard","Verify dashboard loads after login","High","After login, /internal/dashboard shows overview cards with stats","","Not Tested","",""
"Admin - Dashboard","DASH-002","Admin Dashboard","Verify SSE notification stream","High","/internal/notifications/stream returns SSE stream with real-time updates","","Not Tested","",""
"Admin - Dashboard","DASH-003","Admin Dashboard","Verify notification count badge","Medium","/internal/notifications/count returns JSON with unread count","","Not Tested","",""
"Admin - Dashboard","DASH-004","Admin Dashboard","Verify activity logs page","High","/internal/logs shows activity log table with timestamps, user, action, and details","","Not Tested","",""
"Admin - Dashboard","DASH-005","Admin Dashboard","Verify dashboard stats cards","Medium","Cards show counts for intentions, inquiries, donations, events, announcements","","Not Tested","",""
"Admin - Dashboard","DASH-006","Admin Dashboard","Verify dashboard loading states","Medium","Skeleton loaders show while dashboard data is being fetched","","Not Tested","",""
"Admin - Mass Intentions","ADMIN-INT-001","Admin Intentions","Verify intentions index page","High","/internal/intentions shows table of all mass intentions with search, filters, and status column","","Not Tested","",""
"Admin - Mass Intentions","ADMIN-INT-002","Admin Intentions","Verify intention creation form","High","/internal/intentions/create shows form with all fields: requester name, email, intention type, date, time, description, notes","","Not Tested","",""
"Admin - Mass Intentions","ADMIN-INT-003","Admin Intentions","Verify intention status update","High","Clicking status dropdown updates intention status; status change triggers email notification to requester","","Not Tested","",""
"Admin - Mass Intentions","ADMIN-INT-004","Admin Intentions","Verify batch status update","Medium","Select multiple intentions and batch update status via checkbox and batch action dropdown","","Not Tested","",""
"Admin - Mass Intentions","ADMIN-INT-005","Admin Intentions","Verify intention rejection reason","High","When rejecting an intention, rejection reason field is required and saved/displayed on tracking page","","Not Tested","",""
"Admin - Mass Intentions","ADMIN-INT-006","Admin Intentions","Verify intention show page","High","Clicking an intention shows detail page with full info, status history, and notes","","Not Tested","",""
"Admin - Mass Intentions","ADMIN-INT-007","Admin Intentions","Verify intentions email notification","High","On status change, requester receives email via IntentionStatusUpdated notification","","Not Tested","",""
"Admin - Mass Intentions","ADMIN-INT-008","Admin Intentions","Verify role access for intentions","Medium","Only super_admin and staff can access intentions CRUD; soccom cannot access","","Not Tested","",""
"Admin - Mass Intentions","ADMIN-INT-009","Admin Intentions","Verify intention search and filter","Medium","Intentions can be searched by name/email and filtered by status (pending/approved/rejected)","","Not Tested","",""
"Admin - Mass Intentions","ADMIN-INT-010","Admin Intentions","Verify intention reference ID format","Medium","Reference IDs follow format INT-YYYY-XXXX and are unique","","Not Tested","",""
"Admin - Announcements","ADMIN-ANN-001","Admin Announcements","Verify announcements index","High","/internal/announcements shows table of announcements with title, category, published status, and actions","","Not Tested","",""
"Admin - Announcements","ADMIN-ANN-002","Admin Announcements","Verify announcement creation","High","Create form with title, content, category, featured toggle, recruitment toggle, registration link","","Not Tested","",""
"Admin - Announcements","ADMIN-ANN-003","Admin Announcements","Verify announcement editing","Medium","Editing an announcement updates title, content, category, and all fields correctly","","Not Tested","",""
"Admin - Announcements","ADMIN-ANN-004","Admin Announcements","Verify announcement deletion","Medium","Deleting an announcement removes it from database and public listing","","Not Tested","",""
"Admin - Announcements","ADMIN-ANN-005","Admin Announcements","Verify recruitment field","Medium","Announcements with recruitment=True show Recruitment badge on public view and registration link if set","","Not Tested","",""
"Admin - Announcements","ADMIN-ANN-006","Admin Announcements","Verify category assignment","Medium","Announcements can be assigned categories: Parish Life, Liturgical, Sacraments, Formation with color-coded badges","","Not Tested","",""
"Admin - Announcements","ADMIN-ANN-007","Admin Announcements","Verify publish/draft toggle","High","Create and edit forms allow toggling is_published; draft announcements are hidden from public site","","Not Tested","",""
"Admin - Announcements","ADMIN-ANN-008","Admin Announcements","Verify expiry date field","High","expires_at field saves correctly; announcement auto-hides from public site after expiry datetime","","Not Tested","",""
"Admin - Announcements","ADMIN-ANN-009","Admin Announcements","Verify featured toggle on homepage","Medium","is_featured=true announcement appears as hero on homepage; toggling off removes hero placement","","Not Tested","",""
"Admin - Announcements","ADMIN-ANN-010","Admin Announcements","Verify role access for announcements","Medium","Only super_admin and soccom can access announcements CRUD; staff is denied","","Not Tested","",""
"Admin - Events","ADMIN-EVT-001","Admin Events","Verify events index page","High","/internal/events shows table of events with title, date, times, and actions","","Not Tested","",""
"Admin - Events","ADMIN-EVT-002","Admin Events","Verify event creation form","High","Create form with title, description, event date, multiple time slots (with title+time), and URL field for external links","","Not Tested","",""
"Admin - Events","ADMIN-EVT-003","Admin Events","Verify event time slots","Medium","Multiple time slots can be added; each slot has title and time fields","","Not Tested","",""
"Admin - Events","ADMIN-EVT-004","Admin Events","Verify event editing","Medium","Editing updates all event fields including time slots and saves correctly","","Not Tested","",""
"Admin - Events","ADMIN-EVT-005","Admin Events","Verify event deletion","Medium","Deleting removes event from database and public event listing","","Not Tested","",""
"Admin - Events","ADMIN-EVT-006","Admin Events","Verify event publish/draft toggle","High","Unpublished events do not appear on public events page; published events are visible","","Not Tested","",""
"Admin - Gallery","ADMIN-GAL-001","Admin Gallery","Verify albums index","High","/internal/gallery shows list of albums with cover image, title, photo count, and featured video status","","Not Tested","",""
"Admin - Gallery","ADMIN-GAL-002","Admin Gallery","Verify album creation","High","Create new album with title and description","","Not Tested","",""
"Admin - Gallery","ADMIN-GAL-003","Admin Gallery","Verify image upload to album","High","Add Images form allows multiple file upload; uploads are queued via UploadGalleryMediaJob","","Not Tested","",""
"Admin - Gallery","ADMIN-GAL-004","Admin Gallery","Verify image deletion","Medium","Deleting an image removes it from album and storage","","Not Tested","",""
"Admin - Gallery","ADMIN-GAL-005","Admin Gallery","Verify featured video","Medium","Setting a featured video URL displays video embed on public album view","","Not Tested","",""
"Admin - Gallery","ADMIN-GAL-006","Admin Gallery","Verify album publish/draft toggle","High","Draft albums (is_published=false) are hidden from public gallery; published albums are visible","","Not Tested","",""
"Admin - Schedules","ADMIN-SCHED-001","Admin Schedules","Verify schedules index","High","/internal/schedules shows table of mass schedules with day(s), time(s), type, title","","Not Tested","",""
"Admin - Schedules","ADMIN-SCHED-002","Admin Schedules","Verify schedule creation","High","Create form with mass type (sunday/anticipated/weekday/saturday/special), day of week, time, title fields","","Not Tested","",""
"Admin - Schedules","ADMIN-SCHED-003","Admin Schedules","Verify schedule editing","Medium","Editing updates day(s), time(s), and type correctly","","Not Tested","",""
"Admin - Schedules","ADMIN-SCHED-004","Admin Schedules","Verify schedule deletion","Medium","Deleting a schedule removes it from the public mass schedule page","","Not Tested","",""
"Admin - Schedules","ADMIN-SCHED-005","Admin Schedules","Verify multiple days and times","Medium","A single schedule can have multiple day_of_week values and multiple time entries","","Not Tested","",""
"Admin - Schedules","ADMIN-SCHED-006","Admin Schedules","Verify iCal export from admin","Medium","Each schedule can generate iCal file with correct recurrence rule (RRULE) for weekly masses","","Not Tested","",""
"Admin - Inquiries","ADMIN-INQ-001","Admin Inquiries","Verify inquiries index","High","/internal/inquiries shows table of all inquiries with name, type, status, and actions","","Not Tested","",""
"Admin - Inquiries","ADMIN-INQ-002","Admin Inquiries","Verify inquiry detail view","High","Clicking an inquiry shows detail page with full info, requirements, and status","","Not Tested","",""
"Admin - Inquiries","ADMIN-INQ-003","Admin Inquiries","Verify inquiry accept","High","Accept button changes status to accepted and sends notification email to requester","","Not Tested","",""
"Admin - Inquiries","ADMIN-INQ-004","Admin Inquiries","Verify inquiry decline","High","Decline button opens reason modal; status changes to declined with reason saved and email sent","","Not Tested","",""
"Admin - Inquiries","ADMIN-INQ-005","Admin Inquiries","Verify rejection reason display","Medium","Declining requires a rejection reason that displays on public tracking page","","Not Tested","",""
"Admin - Inquiries","ADMIN-INQ-006","Admin Inquiries","Verify role access for inquiries","Medium","Only super_admin, staff, and soccom can access inquiries; super_admin+staff see intentions only","","Not Tested","",""
"Admin - Inquiries","ADMIN-INQ-007","Admin Inquiries","Verify inquiry filtering","Medium","Inquiries can be filtered by type (Baptism, Wedding, etc.) and status (pending/accepted/declined)","","Not Tested","",""
"Admin - Inquiries","ADMIN-INQ-008","Admin Inquiries","Verify inquiry email notification","High","On accept/decline, requester receives email via InquiryStatusUpdated notification","","Not Tested","",""
"Admin - Donations","ADMIN-DON-001","Admin Donations","Verify donations index page loads","High","/internal/donations shows donations table with donor, amount, purpose, method, status, date, and reference","","Not Tested","",""
"Admin - Donations","ADMIN-DON-002","Admin Donations","Verify donation stats cards","High","Page shows Total Received, Today, and Total Donations stat cards with correct calculated values","","Not Tested","",""
"Admin - Donations","ADMIN-DON-003","Admin Donations","Verify donation status display","Medium","Table shows correct status badges for pending, paid, failed, and cancelled donations","","Not Tested","",""
"Admin - Donations","ADMIN-DON-004","Admin Donations","Verify role access for donations","High","Only super_admin and staff can access /internal/donations; soccom is denied","","Not Tested","",""
"Admin - Live Chat","ADMIN-CHAT-001","Admin Live Chat","Verify chats index page","High","/internal/chats shows list of chat sessions with participant info, last message, status","","Not Tested","",""
"Admin - Live Chat","ADMIN-CHAT-002","Admin Live Chat","Verify chat session detail","High","Clicking a chat session opens conversation view with full message history","","Not Tested","",""
"Admin - Live Chat","ADMIN-CHAT-003","Admin Live Chat","Verify admin reply","High","Admin can type and send replies; messages appear in user chat window in real-time via polling","","Not Tested","",""
"Admin - Live Chat","ADMIN-CHAT-004","Admin Live Chat","Verify resolve chat","High","Resolve button marks chat as resolved; user chat shows end message and Start New Chat button","","Not Tested","",""
"Admin - Live Chat","ADMIN-CHAT-005","Admin Live Chat","Verify pause/resume chat","Medium","Pause button puts chat back to AI mode with system message; Resume reconnects agent","","Not Tested","",""
"Admin - Live Chat","ADMIN-CHAT-006","Admin Live Chat","Verify admin typing indicator","Medium","When admin is typing, user chat shows Agent is typing indicator","","Not Tested","",""
"Admin - Live Chat","ADMIN-CHAT-007","Admin Live Chat","Verify sessions HTML endpoint","Low","/internal/chats/sessions-html returns HTML fragment for live chat session list","","Not Tested","","Technical QA - API endpoint check"
"Admin - Live Chat","ADMIN-CHAT-008","Admin Live Chat","Verify admin chat poll","Medium","/internal/chats/{id}/poll returns JSON with new messages and chat status","","Not Tested","","Technical QA - API endpoint check"
"Admin - Live Chat","ADMIN-CHAT-009","Admin Live Chat","Verify admin accept agent request","High","When user requests live agent, admin sees notification and can click to connect","","Not Tested","",""
"Admin - Live Chat","ADMIN-CHAT-010","Admin Live Chat","Verify live chat role access","Medium","super_admin and soccom can access live chat admin pages; staff is denied","","Not Tested","","Fixed: was incorrectly soccom-only"
"Admin - Users","ADMIN-USER-001","Admin Users","Verify users index page","High","/internal/users shows table of users with name, email, role, active status, and actions","","Not Tested","",""
"Admin - Users","ADMIN-USER-002","Admin Users","Verify user creation","High","Add user form with name, email, password, role (super_admin/staff/soccom), is_active checkbox","","Not Tested","",""
"Admin - Users","ADMIN-USER-003","Admin Users","Verify user editing","Medium","Editing a user updates name, email, password (optional), role, and active status correctly","","Not Tested","",""
"Admin - Users","ADMIN-USER-004","Admin Users","Verify user deletion","Medium","Deleting a user removes them from the system (soft delete)","","Not Tested","",""
"Admin - Users","ADMIN-USER-005","Admin Users","Verify role-based user access","High","Only super_admin can access user management; staff and soccom are denied","","Not Tested","",""
"Admin - Settings","ADMIN-SET-001","Admin Settings","Verify settings index page","High","/internal/settings shows form with global settings: parish info, contact details, payment methods, social links","","Not Tested","",""
"Admin - Settings","ADMIN-SET-002","Admin Settings","Verify settings update","High","Updating settings saves to database and reflects immediately on public pages","","Not Tested","",""
"Admin - Settings","ADMIN-SET-003","Admin Settings","Verify GCash number setting","Medium","Setting GCash number in admin reflects on donate page QR tab and intention form donation section","","Not Tested","",""
"Admin - Settings","ADMIN-SET-004","Admin Settings","Verify QR code upload","Medium","QR code image can be uploaded/selected and displays on donate QR tab","","Not Tested","",""
"Admin - Settings","ADMIN-SET-005","Admin Settings","Verify role access for settings","High","Only super_admin can access settings; staff and soccom are denied","","Not Tested","",""
"Admin - PPT Tools","ADMIN-PPT-001","Admin PPT Tools","Verify PPT generation form","High","PPT tools page shows form to select mass schedule and generate presentation","","Not Tested","",""
"Admin - PPT Tools","ADMIN-PPT-002","Admin PPT Tools","Verify PPT preview","High","Generate PPT button creates presentation; preview link opens downloadable preview","","Not Tested","",""
"Admin - PPT Tools","ADMIN-PPT-003","Admin PPT Tools","Verify Google Slides creation","High","Create Google Slides button opens Google OAuth flow and creates slides from mass schedule","","Not Tested","",""
"Admin - PPT Tools","ADMIN-PPT-004","Admin PPT Tools","Verify role access for PPT tools","Medium","super_admin, staff, and soccom can access PPT tools","","Not Tested","",""
"Admin - Video Highlights","ADMIN-VH-001","Admin Highlights","Verify highlights index page","High","/internal/highlights shows list of video highlights with title, URL, and sort order","","Not Tested","",""
"Admin - Video Highlights","ADMIN-VH-002","Admin Highlights","Verify highlight creation","High","Create form with title, video URL/path, and embed code","","Not Tested","",""
"Admin - Video Highlights","ADMIN-VH-003","Admin Highlights","Verify highlight reordering","Medium","Drag-and-drop reordering persists new sort order to database","","Not Tested","",""
"Admin - Video Highlights","ADMIN-VH-004","Admin Highlights","Verify highlight display on gallery","Medium","Video highlights appear on public gallery pages with proper embed","","Not Tested","",""
"Admin - Video Highlights","ADMIN-VH-005","Admin Highlights","Verify role access for highlights","Medium","Only super_admin and soccom can manage video highlights","","Not Tested","",""
"Admin - Video Highlights","ADMIN-VH-006","Admin Highlights","Verify highlight publish/draft toggle","High","Unpublished highlights are hidden from public gallery; published highlights display with embed","","Not Tested","",""
"Responsive Design","RESP-001","All Pages","Verify homepage on mobile (375px)","High","All sections stack vertically; mobile drawer menu works; hero text scales down; quick actions grid becomes 2 columns","","Not Tested","",""
"Responsive Design","RESP-002","All Pages","Verify homepage on tablet (768px)","High","Navbar switches to mobile mode; events grid shows 2 columns; content adjusts appropriately","","Not Tested","",""
"Responsive Design","RESP-003","All Pages","Verify homepage on desktop (1440px+)","High","Full-width layout; 4-column quick actions grid; 3-column events grid; all hover effects work","","Not Tested","",""
"Responsive Design","RESP-004","All Pages","Verify mass schedule responsive design","High","On mobile, schedule sidebar becomes full-width at top with centered text; content stacks below","","Not Tested","",""
"Responsive Design","RESP-005","All Pages","Verify events calendar on mobile","High","Calendar view scrolls horizontally; grid cells remain readable; event modal is full-width","","Not Tested","",""
"Responsive Design","RESP-006","All Pages","Verify gallery responsive grid","High","Gallery images stack to single column on mobile, 2-3 columns on tablet, 4+ on desktop","","Not Tested","",""
"Responsive Design","RESP-007","All Pages","Verify chatbot responsive sizing","High","Chat window width adjusts: full width minus padding on mobile, fixed 410px max on desktop","","Not Tested","",""
"Responsive Design","RESP-008","All Pages","Verify donation page responsive","High","On mobile, donation info panel moves below payment form; tabs may stack vertically","","Not Tested","",""
"Responsive Design","RESP-009","All Pages","Verify inquiry form responsive","High","On mobile, sidebar moves to top or collapses; form fields stack to single column","","Not Tested","",""
"Responsive Design","RESP-010","All Pages","Verify track status page responsive","High","Track form and result card are centered and readable on all screen sizes","","Not Tested","",""
"Responsive Design","RESP-011","All Pages","Verify admin dashboard responsive","High","Admin tables become horizontally scrollable on mobile; sidebar collapses to icons","","Not Tested","",""
"Security & Validation","SEC-001","All Forms","Verify CSRF token on all forms","High","All POST forms include @csrf token; submitting without token returns 419 Page Expired","","Not Tested","",""
"Security & Validation","SEC-002","All Forms","Verify form input sanitization","High","Form inputs are sanitized; XSS payloads in name/message fields are escaped on display","","Not Tested","",""
"Security & Validation","SEC-003","All Forms","Verify rate limiting on submissions","High","Mass intention and inquiry forms have throttle:submissions middleware; excessive submissions are blocked","","Not Tested","",""
"Security & Validation","SEC-004","All Forms","Verify email format validation","Medium","Email fields validate proper format; invalid emails show error message","","Not Tested","",""
"Security & Validation","SEC-005","All Forms","Verify required field validation","High","All required fields show validation errors when left empty","","Not Tested","",""
"Security & Validation","SEC-006","Admin Auth","Verify password is hashed","High","User passwords are stored as bcrypt hashes in database, never in plain text","","Not Tested","","Technical QA - requires DB access"
"Security & Validation","SEC-007","Admin Auth","Verify session security","High","Session expires after inactivity; session cookie has Secure and HttpOnly flags","","Not Tested","",""
"Security & Validation","SEC-008","Admin Auth","Verify signed URL for donation receipt","Medium","Donation receipt route uses signed middleware; invalid signatures are rejected","","Not Tested","",""
"Security & Validation","SEC-009","Donation","Verify PayMongo webhook signature","High","Webhook endpoint validates PayMongo signature to prevent forged requests","","Not Tested","","Technical QA - requires Postman/cURL"
"Security & Validation","SEC-010","All","Verify Google service account credentials not exposed","High","Google OAuth/service account JSON files are stored in storage/app, not accessible via web","","Not Tested","","Technical QA - server/filesystem check"
"Performance","PERF-001","All Pages","Verify page load time","Medium","Homepage loads in under 3 seconds on fast connection; Largest Contentful Paint under 2.5s","","Not Tested","",""
"Performance","PERF-002","All Pages","Verify image optimization","Medium","Images use fetchpriority, decoding=async, and proper width/height attributes","","Not Tested","",""
"Performance","PERF-003","All Pages","Verify font loading","Medium","Canterbury font is preloaded via preload as=font; web fonts load without FOIT","","Not Tested","",""
"Performance","PERF-004","All Pages","Verify Vite build assets are loaded","High","Built CSS and JS files load from /public/build/ with correct manifest paths","","Not Tested","",""
"Performance","PERF-005","All Pages","Verify lazy loading on gallery","Medium","Gallery images below the fold are lazy-loaded","","Not Tested","",""
"Performance","PERF-006","Admin","Verify SSE connection for notifications","High","Dashboard SSE endpoint does not consume excessive server resources","","Not Tested","","Technical QA - load/ops testing"
"SEO & Accessibility","SEO-001","All Public Pages","Verify meta description tag","High","Each public page has a unique meta description tag in the head","","Not Tested","",""
"SEO & Accessibility","SEO-002","All Public Pages","Verify Open Graph tags","Medium","Pages include og:title, og:description, og:image tags for social sharing","","Not Tested","",""
"SEO & Accessibility","SEO-003","All Pages","Verify sitemap.xml exists and is valid","High","/sitemap.xml returns valid XML including /, /about, /mass-schedule, /submit-intention, /inquiry, /events, /gallery, /donate, /announcements, /bulletins, /track","","Not Tested","","Known gap: sitemap currently missing /announcements, /bulletins, /track"
"SEO & Accessibility","SEO-004","All Pages","Verify robots.txt","High","/robots.txt exists and disallows admin/internal paths","","Not Tested","",""
"SEO & Accessibility","SEO-005","All Pages","Verify favicon display","Medium","favicon.ico loads in browser tab and is properly linked in head","","Not Tested","",""
"SEO & Accessibility","SEO-006","All Pages","Verify ARIA labels on interactive elements","Medium","Buttons, links, and form elements have appropriate aria-label attributes","","Not Tested","",""
"SEO & Accessibility","SEO-007","All Pages","Verify heading hierarchy","Medium","Pages follow H1-H2-H3 hierarchy; only one H1 per page","","Not Tested","",""
"SEO & Accessibility","SEO-008","All Pages","Verify skip to content / keyboard navigation","Medium","Key interactive elements are reachable via Tab key; focus rings are visible","","Not Tested","",""
"SEO & Accessibility","SEO-011","All Pages","Verify skip to main content link","Medium","Skip to main content link is first focusable element; activating it jumps focus to #main-content","","Not Tested","",""
"SEO & Accessibility","SEO-009","All Pages","Verify alt text on images","High","All content images have descriptive alt text; decorative images have empty alt","","Not Tested","",""
"SEO & Accessibility","SEO-010","Chatbot","Verify chatbot accessibility","Medium","Chatbot has aria-label on trigger button, proper focus management, and escape key closes window","","Not Tested","",""
"Email & Notifications","EMAIL-001","Intention Submission","Verify intention received email","High","On submission, requester receives email with reference ID and details","","Not Tested","",""
"Email & Notifications","EMAIL-002","Intention Status Update","Verify intention status change email","High","When admin changes status, requester receives email with new status and rejection reason if declined","","Not Tested","",""
"Email & Notifications","EMAIL-003","Inquiry Submission","Verify inquiry received email to admin","High","On submission, admin/SocCom team receives notification of new inquiry","","Not Tested","",""
"Email & Notifications","EMAIL-004","Inquiry Status Update","Verify inquiry status change email to requester","High","When admin accepts/declines, requester receives email with status and reason","","Not Tested","",""
"Email & Notifications","EMAIL-005","Donation Receipt","Verify donation receipt email","High","After successful PayMongo payment, donor receives email receipt with transaction details","","Not Tested","",""
"Email & Notifications","EMAIL-006","Admin Notifications","Verify admin email notifications","High","Admin users receive email notifications for new intentions, inquiries, and donations","","Not Tested","",""
"Email & Notifications","EMAIL-007","Inquiry Submitted","Verify notification appears in admin panel","Medium","New inquiries trigger database notifications visible in admin dashboard SSE stream","","Not Tested","",""
"Email & Notifications","EMAIL-008","Intention Submitted","Verify notification appears in admin panel","Medium","New intentions trigger database notifications visible in admin dashboard SSE stream","","Not Tested","",""
"Integration","INTEGR-001","Google Services","Verify Google OAuth login flow","High","Google auth endpoint initiates OAuth; callback stores tokens correctly","","Not Tested","",""
"Integration","INTEGR-002","Google Services","Verify Google Slides creation","High","PPT generation can create Google Slides from mass schedule data via API","","Not Tested","",""
"Integration","INTEGR-003","Google Services","Verify Google Drive file access","Medium","Generated slides/PPTs are accessible via Google Drive with correct permissions","","Not Tested","",""
"Integration","INTEGR-004","PayMongo","Verify PayMongo checkout redirect","High","Donation checkout creates PayMongo checkout session and redirects to payment page","","Not Tested","",""
"Integration","INTEGR-005","PayMongo","Verify PayMongo webhook success handling","High","Successful payment webhook updates donation status and sends receipt email","","Not Tested","",""
"Integration","INTEGR-006","AI Chatbot","Verify Groq/OpenRouter API connection","High","Chatbot sends/receives messages via AI API; responses are contextually relevant","","Not Tested","",""
"Integration","INTEGR-007","AI Chatbot","Verify AI service fallback","Medium","If primary AI service fails, fallback service (if configured) takes over","","Not Tested","",""
"Integration","INTEGR-008","Supabase Storage","Verify Supabase storage integration","High","Images and assets are served from Supabase S3-compatible storage URLs","","Not Tested","",""
"Integration","INTEGR-009","Facebook Live","Verify Facebook webhook verification","High","GET /webhooks/facebook-live returns correct verification challenge","","Not Tested","",""
"Integration","INTEGR-010","Facebook Live","Verify Facebook live webhook handling","Medium","POST /webhooks/facebook-live processes live video status events and updates live mass slot","","Not Tested","",""
"Integration","INTEGR-011","Daily Readings","Verify daily readings API preload","Medium","GET /api/readings/today returns Catholic readings in EN or TG; falls back from USCCB to Evangelizo","","Not Tested","","Deferred - route not yet implemented in web.php"
"Error Handling","ERR-001","404 Page","Verify 404 page displays","High","Accessing non-existent route shows styled 404 error page with return home link","","Not Tested","",""
"Error Handling","ERR-002","403 Page","Verify 403 page displays","High","Accessing unauthorized route shows styled 403 error page","","Not Tested","",""
"Error Handling","ERR-003","401 Page","Verify 401 page displays","High","Accessing protected route without auth shows styled 401 page","","Not Tested","",""
"Error Handling","ERR-004","500 Page","Verify 500 page displays","High","Server errors show styled 500 page without exposing stack traces","","Not Tested","",""
"Error Handling","ERR-005","Chatbot","Verify chatbot API error handling","Medium","If chatbot API is down, shows friendly error message with retry option","","Not Tested","",""
"Error Handling","ERR-006","Donation","Verify PayMongo API error handling","Medium","If PayMongo API fails, shows error message and suggests alternative payment methods","","Not Tested","",""
"Error Handling","ERR-007","All Forms","Verify server-side validation errors display in UI","High","Validation errors from server are shown inline next to the relevant field","","Not Tested","",""
"Data Integrity","DATA-001","Mass Intentions","Verify unique reference ID generation","High","Each mass intention gets a unique INT-YYYY-XXXX reference ID","","Not Tested","",""
"Data Integrity","DATA-002","Inquiries","Verify unique reference ID generation","High","Each inquiry gets a unique INQ-YYYY-XXXX reference ID","","Not Tested","",""
"Data Integrity","DATA-003","Mass Intentions","Verify duplicate detection logic","Medium","Duplicate check looks at email + intention type + date within a time window","","Not Tested","",""
"Data Integrity","DATA-004","Inquiries","Verify duplicate detection logic","Medium","Duplicate check looks at email + inquiry type within a time window","","Not Tested","",""
"Data Integrity","DATA-005","Chatbot","Verify chat session persistence","Medium","Chat sessions are stored in database with messages and can be resumed by returning users","","Not Tested","",""
"Data Integrity","DATA-006","All","Verify soft deletes on models","Medium","Deleted records use soft deletes; can be restored if needed","","Not Tested","","Technical QA - requires DB access"
"Data Integrity","DATA-007","Gallery","Verify image upload job queue","High","Image uploads are processed via UploadGalleryMediaJob queue worker","","Not Tested","",""
"Cross-Browser Testing","CB-001","All Pages","Verify Chrome (latest)","High","All features work correctly on latest Chrome (desktop and mobile)","","Not Tested","",""
"Cross-Browser Testing","CB-002","All Pages","Verify Firefox (latest)","High","All features work correctly on latest Firefox","","Not Tested","",""
"Cross-Browser Testing","CB-003","All Pages","Verify Safari (latest)","Medium","All features work correctly on latest Safari (desktop and iOS)","","Not Tested","",""
"Cross-Browser Testing","CB-004","All Pages","Verify Edge (latest)","Medium","All features work correctly on latest Microsoft Edge","","Not Tested","",""
"Cross-Browser Testing","CB-005","Admin Panel","Verify admin panel on mobile","Low","Admin panel is usable on mobile; tables scroll horizontally; forms are accessible","","Not Tested","",""
